Workbook

Sheet T24_AAA_Test_Cases
A1: Test Case ID | B1: AAA Area | C1: Module | D1: Objective | E1: Precondition | F1: Steps | G1: Expected Result | H1: Actual Result | I1: Status
A2: T24-AAA-AUTHN-001 | B2: Authentication | C2: Login | D2: Verify valid user can log in successfully | E2: Active user account exists | F2: Open T24 login page Enter valid username Enter valid password Click Sign In | G2: Login successful; user lands on assigned home page/menu
A3: T24-AAA-AUTHN-002 | B3: Authentication | C3: Login | D3: Verify invalid password is rejected | E3: Active user account exists | F3: Open T24 login page Enter valid username Enter invalid password Click Sign In | G3: Login rejected; error message displayed; access denied
A4: T24-AAA-AUTHN-003 | B4: Authentication | C4: Login | D4: Verify locked user cannot log in | E4: User account is locked | F4: Open T24 login page Enter locked username Enter correct password Click Sign In | G4: Login rejected; locked account message displayed
A5: T24-AAA-AUTHN-004 | B5: Authentication | C5: Session | D5: Verify session timeout works correctly | E5: User is logged in | F5: Log in to T24 Stay idle until timeout Attempt navigation | G5: Session expires; redirected to login; no continuation without re-login
A6: T24-AAA-AUTHZ-001 | B6: Authorization | C6: ACCOUNT | D6: Verify maker cannot authorize own record | E6: Maker has input access only | F6: Log in as maker Create ACCOUNT record Commit Attempt to authorize same record | G6: Record in NAU; maker cannot authorize; access denied
A7: T24-AAA-AUTHZ-002 | B7: Authorization | C7: ACCOUNT | D7: Verify checker can authorize pending record | E7: Checker has authorization rights; NAU exists | F7: Log in as checker Open pending ACCOUNT Authorize | G7: Record moves NAU → LIVE; authorization succeeds
A8: T24-AAA-AUTHZ-003 | B8: Authorization | C8: FUNDS TRANSFER | D8: Verify unauthorized user cannot access FT | E8: User lacks FT access | F8: Log in as restricted user Attempt to open FT | G8: Access denied; FT not opened
A9: T24-AAA-AUTHZ-004 | B9: Authorization | C9: Menu / Roles | D9: Verify menu visibility by role | E9: Role-based menus configured | F9: Log in as User A Check menu Log in as User B Compare menus | G9: Users see only authorized menus/functions
A10: T24-AAA-AUTHZ-005 | B10: Authorization | C10: CUSTOMER | D10: Verify delete blocked without permission | E10: User lacks delete permission | F10: Log in as restricted user Open CUSTOMER Attempt delete | G10: Delete not allowed; access denied
A11: T24-AAA-ACC-001 | B11: Accounting | C11: FUNDS TRANSFER | D11: Verify debit and credit entries are balanced | E11: Valid accounts with sufficient balance | F11: Create FT Commit Authorize Review entries | G11: Total debit equals total credit; transaction posted
A12: T24-AAA-ACC-002 | B12: Accounting | C12: ACCOUNT / STMT.ENTRY | D12: Verify source balance decreases | E12: Authorized FT completed | F12: Note source balance Perform FT Authorize Check balance | G12: Source balance reduced correctly
A13: T24-AAA-ACC-003 | B13: Accounting | C13: ACCOUNT / STMT.ENTRY | D13: Verify destination balance increases | E13: Authorized FT completed | F13: Note destination balance Perform FT Authorize Check balance | G13: Destination balance increased correctly
... A16: T24-AAA-E2E-001 | B16: Authentication/Authorization/Accounting | C16: FUNDS TRANSFER | D16: Verify full AAA flow maker-checker | E16: Maker & checker exist; accounts active | F16: Log in as maker Create FT Commit Log out Log in as checker Authorize Verify balances | G16: Maker cannot self-authorize; checker authorizes; postings correct; audit trail ok

Sheet Execution_Report
A1: T24 AAA Execution Report
A3: Execution Summary | D3: Summary by AAA Area | K3: Summary by Module
A4: Total Cases | B4: =COUNTA('T24_AAA_Test_Cases'!A:A)-1 | D4: AAA Area | E4: Total | F4: Pass | G4: Fail | H4: Blocked | I4: Not Run | K4: Module | L4: Total | M4: Pass | N4: Fail | O4: Blocked | P4: Not Run
A5: Passed | B5: =COUNTIF('T24_AAA_Test_Cases'!I:I,"Pass") | D5: Authentication | E5: =COUNTIF('T24_AAA_Test_Cases'!B:B,D5) | F5: =COUNTIFS('T24_AAA_Test_Cases'!B:B,D5,'T24_AAA_Test_Cases'!I:I,"Pass") | G5: =COUNTIFS('T24_AAA_Test_Cases'!B:B,D5,'T24_AAA_Test_Cases'!I:I,"Fail") | H5: =COUNTIFS('T24_AAA_Test_Cases'!B:B,D5,'T24_AAA_Test_Cases'!I:I,"Blocked") | I5: =COUNTIFS('T24_AAA_Test_Cases'!B:B,D5,'T24_AAA_Test_Cases'!I:I,"Not Run")+COUNTIFS('T24_AAA_Test_Cases'!B:B,D5,'T24_AAA_Test_Cases'!I:I,"") | K5: Login | L5: =COUNTIF('T24_AAA_Test_Cases'!C:C,K5) | M5: =COUNTIFS('T24_AAA_Test_Cases'!C:C,K5,'T24_AAA_Test_Cases'!I:I,"Pass") | N5: =COUNTIFS('T24_AAA_Test_Cases'!C:C,K5,'T24_AAA_Test_Cases'!I:I,"Fail") | O5: =COUNTIFS('T24_AAA_Test_Cases'!C:C,K5,'T24_AAA_Test_Cases'!I:I,"Blocked") | P5: =COUNTIFS('T24_AAA_Test_Cases'!C:C,K5,'T24_AAA_Test_Cases'!I:I,"Not Run")+COUNTIFS('T24_AAA_Test_Cases'!C:C,K5,'T24_AAA_Test_Cases'!I:I,"")
A6: Failed | B6: =COUNTIF('T24_AAA_Test_Cases'!I:I,"Fail") | D6: Authorization | E6: =COUNTIF('T24_AAA_Test_Cases'!B:B,D6) | F6: =COUNTIFS('T24_AAA_Test_Cases'!B:B,D6,'T24_AAA_Test_Cases'!I:I,"Pass") | G6: =COUNTIFS('T24_AAA_Test_Cases'!B:B,D6,'T24_AAA_Test_Cases'!I:I,"Fail") | H6: =COUNTIFS('T24_AAA_Test_Cases'!B:B,D6,'T24_AAA_Test_Cases'!I:I,"Blocked") | I6: =COUNTIFS('T24_AAA_Test_Cases'!B:B,D6,'T24_AAA_Test_Cases'!I:I,"Not Run")+COUNTIFS('T24_AAA_Test_Cases'!B:B,D6,'T24_AAA_Test_Cases'!I:I,"") | K6: Session | L6: =COUNTIF('T24_AAA_Test_Cases'!C:C,K6) | M6: =COUNTIFS('T24_AAA_Test_Cases'!C:C,K6,'T24_AAA_Test_Cases'!I:I,"Pass") | N6: =COUNTIFS('T24_AAA_Test_Cases'!C:C,K6,'T24_AAA_Test_Cases'!I:I,"Fail") | O6: =COUNTIFS('T24_AAA_Test_Cases'!C:C,K6,'T24_AAA_Test_Cases'!I:I,"Blocked") | P6: =COUNTIFS('T24_AAA_Test_Cases'!C:C,K6,'T24_AAA_Test_Cases'!I:I,"Not Run")+COUNTIFS('T24_AAA_Test_Cases'!C:C,K6,'T24_AAA_Test_Cases'!I:I,"")
A7: Blocked | B7: =COUNTIF('T24_AAA_Test_Cases'!I:I,"Blocked") | D7: Accounting | E7: =COUNTIF('T24_AAA_Test_Cases'!B:B,D7) | F7: =COUNTIFS('T24_AAA_Test_Cases'!B:B,D7,'T24_AAA_Test_Cases'!I:I,"Pass") | G7: =COUNTIFS('T24_AAA_Test_Cases'!B:B,D7,'T24_AAA_Test_Cases'!I:I,"Fail") | H7: =COUNTIFS('T24_AAA_Test_Cases'!B:B,D7,'T24_AAA_Test_Cases'!I:I,"Blocked") | I7: =COUNTIFS('T24_AAA_Test_Cases'!B:B,D7,'T24_AAA_Test_Cases'!I:I,"Not Run")+COUNTIFS('T24_AAA_Test_Cases'!B:B,D7,'T24_AAA_Test_Cases'!I:I,"") | K7: ACCOUNT | L7: =COUNTIF('T24_AAA_Test_Cases'!C:C,K7) | M7: =COUNTIFS('T24_AAA_Test_Cases'!C:C,K7,'T24_AAA_Test_Cases'!I:I,"Pass") | N7: =COUNTIFS('T24_AAA_Test_Cases'!C:C,K7,'T24_AAA_Test_Cases'!I:I,"Fail") | O7: =COUNTIFS('T24_AAA_Test_Cases'!C:C,K7,'T24_AAA_Test_Cases'!I:I,"Blocked") | P7: =COUNTIFS('T24_AAA_Test_Cases'!C:C,K7,'T24_AAA_Test_Cases'!I:I,"Not Run")+COUNTIFS('T24_AAA_Test_Cases'!C:C,K7,'T24_AAA_Test_Cases'!I:I,"")
A8: Not Run | B8: =COUNTIF('T24_AAA_Test_Cases'!I:I,"Not Run")+COUNTBLANK('T24_AAA_Test_Cases'!I2:I1048576) | D8: Authentication/Authorization/Accounting | E8: =COUNTIF('T24_AAA_Test_Cases'!B:B,D8) | F8: =COUNTIFS('T24_AAA_Test_Cases'!B:B,D8,'T24_AAA_Test_Cases'!I:I,"Pass") | G8: =COUNTIFS('T24_AAA_Test_Cases'!B:B,D8,'T24_AAA_Test_Cases'!I:I,"Fail") | H8: =COUNTIFS('T24_AAA_Test_Cases'!B:B,D8,'T24_AAA_Test_Cases'!I:I,"Blocked") | I8: =COUNTIFS('T24_AAA_Test_Cases'!B:B,D8,'T24_AAA_Test_Cases'!I:I,"Not Run")+COUNTIFS('T24_AAA_Test_Cases'!B:B,D8,'T24_AAA_Test_Cases'!I:I,"") | K8: FUNDS TRANSFER | L8: =COUNTIF('T24_AAA_Test_Cases'!C:C,K8) | M8: =COUNTIFS('T24_AAA_Test_Cases'!C:C,K8,'T24_AAA_Test_Cases'!I:I,"Pass") | N8: =COUNTIFS('T24_AAA_Test_Cases'!C:C,K8,'T24_AAA_Test_Cases'!I:I,"Fail") | O8: =COUNTIFS('T24_AAA_Test_Cases'!C:C,K8,'T24_AAA_Test_Cases'!I:I,"Blocked") | P8: =COUNTIFS('T24_AAA_Test_Cases'!C:C,K8,'T24_AAA_Test_Cases'!I:I,"Not Run")+COUNTIFS('T24_AAA_Test_Cases'!C:C,K8,'T24_AAA_Test_Cases'!I:I,"")
A9: Pass Rate | B9: =IF(B4=0,0,B5/B4) | K9: Menu / Roles | L9: =COUNTIF('T24_AAA_Test_Cases'!C:C,K9) | M9: =COUNTIFS('T24_AAA_Test_Cases'!C:C,K9,'T24_AAA_Test_Cases'!I:I,"Pass") | N9: =COUNTIFS('T24_AAA_Test_Cases'!C:C,K9,'T24_AAA_Test_Cases'!I:I,"Fail") | O9: =COUNTIFS('T24_AAA_Test_Cases'!C:C,K9,'T24_AAA_Test_Cases'!I:I,"Blocked") | P9: =COUNTIFS('T24_AAA_Test_Cases'!C:C,K9,'T24_AAA_Test_Cases'!I:I,"Not Run")+COUNTIFS('T24_AAA_Test_Cases'!C:C,K9,'T24_AAA_Test_Cases'!I:I,"")
K10: CUSTOMER | L10: =COUNTIF('T24_AAA_Test_Cases'!C:C,K10) | M10: =COUNTIFS('T24_AAA_Test_Cases'!C:C,K10,'T24_AAA_Test_Cases'!I:I,"Pass") | N10: =COUNTIFS('T24_AAA_Test_Cases'!C:C,K10,'T24_AAA_Test_Cases'!I:I,"Fail") | O10: =COUNTIFS('T24_AAA_Test_Cases'!C:C,K10,'T24_AAA_Test_Cases'!I:I,"Blocked") | P10: =COUNTIFS('T24_AAA_Test_Cases'!C:C,K10,'T24_AAA_Test_Cases'!I:I,"Not Run")+COUNTIFS('T24_AAA_Test_Cases'!C:C,K10,'T24_AAA_Test_Cases'!I:I,"")
K11: ACCOUNT / STMT.ENTRY | L11: =COUNTIF('T24_AAA_Test_Cases'!C:C,K11) | M11: =COUNTIFS('T24_AAA_Test_Cases'!C:C,K11,'T24_AAA_Test_Cases'!I:I,"Pass") | N11: =COUNTIFS('T24_AAA_Test_Cases'!C:C,K11,'T24_AAA_Test_Cases'!I:I,"Fail") | O11: =COUNTIFS('T24_AAA_Test_Cases'!C:C,K11,'T24_AAA_Test_Cases'!I:I,"Blocked") | P11: =COUNTIFS('T24_AAA_Test_Cases'!C:C,K11,'T24_AAA_Test_Cases'!I:I,"Not Run")+COUNTIFS('T24_AAA_Test_Cases'!C:C,K11,'T24_AAA_Test_Cases'!I:I,"")
A12: Execution Detail (Linked to T24_AAA_Test_Cases) | K12: Reversal | L12: =COUNTIF('T24_AAA_Test_Cases'!C:C,K12) | M12: =COUNTIFS('T24_AAA_Test_Cases'!C:C,K12,'T24_AAA_Test_Cases'!I:I,"Pass") | N12: =COUNTIFS('T24_AAA_Test_Cases'!C:C,K12,'T24_AAA_Test_Cases'!I:I,"Fail") | O12: =COUNTIFS('T24_AAA_Test_Cases'!C:C,K12,'T24_AAA_Test_Cases'!I:I,"Blocked") | P12: =COUNTIFS('T24_AAA_Test_Cases'!C:C,K12,'T24_AAA_Test_Cases'!I:I,"Not Run")+COUNTIFS('T24_AAA_Test_Cases'!C:C,K12,'T24_AAA_Test_Cases'!I:I,"")
A13: Test Case ID | B13: AAA Area | C13: Module | D13: Objective | E13: Expected Result | F13: Actual Result | G13: Status
A14: ='T24_AAA_Test_Cases'!A2 | B14: ='T24_AAA_Test_Cases'!B2 | C14: ='T24_AAA_Test_Cases'!C2 | D14: ='T24_AAA_Test_Cases'!D2 | E14: ='T24_AAA_Test_Cases'!G2 | F14: ='T24_AAA_Test_Cases'!H2 | G14: ='T24_AAA_Test_Cases'!I2
A15: ='T24_AAA_Test_Cases'!A3 | B15: ='T24_AAA_Test_Cases'!B3 | C15: ='T24_AAA_Test_Cases'!C3 | D15: ='T24_AAA_Test_Cases'!D3 | E15: ='T24_AAA_Test_Cases'!G3 | F15: ='T24_AAA_Test_Cases'!H3 | G15: ='T24_AAA_Test_Cases'!I3
A16: ='T24_AAA_Test_Cases'!A4 | B16: ='T24_AAA_Test_Cases'!B4 | C16: ='T24_AAA_Test_Cases'!C4 | D16: ='T24_AAA_Test_Cases'!D4 | E16: ='T24_AAA_Test_Cases'!G4 | F16: ='T24_AAA_Test_Cases'!H4 | G16: ='T24_AAA_Test_Cases'!I4
A17: ='T24_AAA_Test_Cases'!A5 | B17: ='T24_AAA_Test_Cases'!B5 | C17: ='T24_AAA_Test_Cases'!C5 | D17: ='T24_AAA_Test_Cases'!D5 | E17: ='T24_AAA_Test_Cases'!G5 | F17: ='T24_AAA_Test_Cases'!H5 | G17: ='T24_AAA_Test_Cases'!I5
A18: ='T24_AAA_Test_Cases'!A6 | B18: ='T24_AAA_Test_Cases'!B6 | C18: ='T24_AAA_Test_Cases'!C6 | D18: ='T24_AAA_Test_Cases'!D6 | E18: ='T24_AAA_Test_Cases'!G6 | F18: ='T24_AAA_Test_Cases'!H6 | G18: ='T24_AAA_Test_Cases'!I6
A19: ='T24_AAA_Test_Cases'!A7 | B19: ='T24_AAA_Test_Cases'!B7 | C19: ='T24_AAA_Test_Cases'!C7 | D19: ='T24_AAA_Test_Cases'!D7 | E19: ='T24_AAA_Test_Cases'!G7 | F19: ='T24_AAA_Test_Cases'!H7 | G19: ='T24_AAA_Test_Cases'!I7
A20: ='T24_AAA_Test_Cases'!A8 | B20: ='T24_AAA_Test_Cases'!B8 | C20: ='T24_AAA_Test_Cases'!C8 | D20: ='T24_AAA_Test_Cases'!D8 | E20: ='T24_AAA_Test_Cases'!G8 | F20: ='T24_AAA_Test_Cases'!H8 | G20: ='T24_AAA_Test_Cases'!I8
A21: ='T24_AAA_Test_Cases'!A9 | B21: ='T24_AAA_Test_Cases'!B9 | C21: ='T24_AAA_Test_Cases'!C9 | D21: ='T24_AAA_Test_Cases'!D9 | E21: ='T24_AAA_Test_Cases'!G9 | F21: ='T24_AAA_Test_Cases'!H9 | G21: ='T24_AAA_Test_Cases'!I9
A22: ='T24_AAA_Test_Cases'!A10 | B22: ='T24_AAA_Test_Cases'!B10 | C22: ='T24_AAA_Test_Cases'!C10 | D22: ='T24_AAA_Test_Cases'!D10 | E22: ='T24_AAA_Test_Cases'!G10 | F22: ='T24_AAA_Test_Cases'!H10 | G22: ='T24_AAA_Test_Cases'!I10
A23: ='T24_AAA_Test_Cases'!A11 | B23: ='T24_AAA_Test_Cases'!B11 | C23: ='T24_AAA_Test_Cases'!C11 | D23: ='T24_AAA_Test_Cases'!D11 | E23: ='T24_AAA_Test_Cases'!G11 | F23: ='T24_AAA_Test_Cases'!H11 | G23: ='T24_AAA_Test_Cases'!I11
A24: ='T24_AAA_Test_Cases'!A12 | B24: ='T24_AAA_Test_Cases'!B12 | C24: ='T24_AAA_Test_Cases'!C12 | D24: ='T24_AAA_Test_Cases'!D12 | E24: ='T24_AAA_Test_Cases'!G12 | F24: ='T24_AAA_Test_Cases'!H12 | G24: ='T24_AAA_Test_Cases'!I12
A25: ='T24_AAA_Test_Cases'!A13 | B25: ='T24_AAA_Test_Cases'!B13 | C25: ='T24_AAA_Test_Cases'!C13 | D25: ='T24_AAA_Test_Cases'!D13 | E25: ='T24_AAA_Test_Cases'!G13 | F25: ='T24_AAA_Test_Cases'!H13 | G25: ='T24_AAA_Test_Cases'!I13
... A28: ='T24_AAA_Test_Cases'!A16 | B28: ='T24_AAA_Test_Cases'!B16 | C28: ='T24_AAA_Test_Cases'!C16 | D28: ='T24_AAA_Test_Cases'!D16 | E28: ='T24_AAA_Test_Cases'!G16 | F28: ='T24_AAA_Test_Cases'!H16 | G28: ='T24_AAA_Test_Cases'!I16
