Workbook

Sheet Execution_Report
A1: T24 API Portfolio - Execution Report
A3: Use this sheet to track API test execution progress and summary KPIs for your GitHub T24 QA portfolio.
A5: Execution Controls
A6: Default Status | B6: Not Run
A8: Portfolio Owner | B8: Ramon Tan Jr
A9: Primary Domain | B9: Temenos T24 / Core Banking API Testing
A10: Execution Date | B10: Update manually
A12: Module | B12: Total Cases | C12: Pass | D12: Fail | E12: Blocked | F12: Not Run
A13: ACCOUNT | B13: =COUNTIF(API_Test_Cases!$C$5:$C$14,A13) | C13: =COUNTIFS(API_Test_Cases!$C$5:$C$14,A13,API_Test_Cases!$I$5:$I$14,"Pass") | D13: =COUNTIFS(API_Test_Cases!$C$5:$C$14,A13,API_Test_Cases!$I$5:$I$14,"Fail") | E13: =COUNTIFS(API_Test_Cases!$C$5:$C$14,A13,API_Test_Cases!$I$5:$I$14,"Blocked") | F13: =COUNTIFS(API_Test_Cases!$C$5:$C$14,A13,API_Test_Cases!$I$5:$I$14,"Not Run")
A14: CUSTOMER | B14: =COUNTIF(API_Test_Cases!$C$5:$C$14,A14) | C14: =COUNTIFS(API_Test_Cases!$C$5:$C$14,A14,API_Test_Cases!$I$5:$I$14,"Pass") | D14: =COUNTIFS(API_Test_Cases!$C$5:$C$14,A14,API_Test_Cases!$I$5:$I$14,"Fail") | E14: =COUNTIFS(API_Test_Cases!$C$5:$C$14,A14,API_Test_Cases!$I$5:$I$14,"Blocked") | F14: =COUNTIFS(API_Test_Cases!$C$5:$C$14,A14,API_Test_Cases!$I$5:$I$14,"Not Run")
A15: FUNDS TRANSFER | B15: =COUNTIF(API_Test_Cases!$C$5:$C$14,A15) | C15: =COUNTIFS(API_Test_Cases!$C$5:$C$14,A15,API_Test_Cases!$I$5:$I$14,"Pass") | D15: =COUNTIFS(API_Test_Cases!$C$5:$C$14,A15,API_Test_Cases!$I$5:$I$14,"Fail") | E15: =COUNTIFS(API_Test_Cases!$C$5:$C$14,A15,API_Test_Cases!$I$5:$I$14,"Blocked") | F15: =COUNTIFS(API_Test_Cases!$C$5:$C$14,A15,API_Test_Cases!$I$5:$I$14,"Not Run")
A16: SYSTEM | B16: =COUNTIF(API_Test_Cases!$C$5:$C$14,A16) | C16: =COUNTIFS(API_Test_Cases!$C$5:$C$14,A16,API_Test_Cases!$I$5:$I$14,"Pass") | D16: =COUNTIFS(API_Test_Cases!$C$5:$C$14,A16,API_Test_Cases!$I$5:$I$14,"Fail") | E16: =COUNTIFS(API_Test_Cases!$C$5:$C$14,A16,API_Test_Cases!$I$5:$I$14,"Blocked") | F16: =COUNTIFS(API_Test_Cases!$C$5:$C$14,A16,API_Test_Cases!$I$5:$I$14,"Not Run")
A17: TOTAL | B17: =SUM(B13:B16) | C17: =SUM(C13:C16) | D17: =SUM(D13:D16) | E17: =SUM(E13:E16) | F17: =SUM(F13:F16)
A19: Pass Rate | B19: =IF(B17=0,0,C17/B17)
A21: Execution Detail
A22: Test Case ID | B22: API Type | C22: Module | D22: Objective | E22: Status | F22: Actual Result
A23: =API_Test_Cases!A5 | B23: =API_Test_Cases!B5 | C23: =API_Test_Cases!C5 | D23: =API_Test_Cases!D5 | E23: =API_Test_Cases!I5 | F23: =API_Test_Cases!H5
A24: =API_Test_Cases!A6 | B24: =API_Test_Cases!B6 | C24: =API_Test_Cases!C6 | D24: =API_Test_Cases!D6 | E24: =API_Test_Cases!I6 | F24: =API_Test_Cases!H6
A25: =API_Test_Cases!A7 | B25: =API_Test_Cases!B7 | C25: =API_Test_Cases!C7 | D25: =API_Test_Cases!D7 | E25: =API_Test_Cases!I7 | F25: =API_Test_Cases!H7
A26: =API_Test_Cases!A8 | B26: =API_Test_Cases!B8 | C26: =API_Test_Cases!C8 | D26: =API_Test_Cases!D8 | E26: =API_Test_Cases!I8 | F26: =API_Test_Cases!H8
A27: =API_Test_Cases!A9 | B27: =API_Test_Cases!B9 | C27: =API_Test_Cases!C9 | D27: =API_Test_Cases!D9 | E27: =API_Test_Cases!I9 | F27: =API_Test_Cases!H9
A28: =API_Test_Cases!A10 | B28: =API_Test_Cases!B10 | C28: =API_Test_Cases!C10 | D28: =API_Test_Cases!D10 | E28: =API_Test_Cases!I10 | F28: =API_Test_Cases!H10
A29: =API_Test_Cases!A11 | B29: =API_Test_Cases!B11 | C29: =API_Test_Cases!C11 | D29: =API_Test_Cases!D11 | E29: =API_Test_Cases!I11 | F29: =API_Test_Cases!H11
A30: =API_Test_Cases!A12 | B30: =API_Test_Cases!B12 | C30: =API_Test_Cases!C12 | D30: =API_Test_Cases!D12 | E30: =API_Test_Cases!I12 | F30: =API_Test_Cases!H12
A31: =API_Test_Cases!A13 | B31: =API_Test_Cases!B13 | C31: =API_Test_Cases!C13 | D31: =API_Test_Cases!D13 | E31: =API_Test_Cases!I13 | F31: =API_Test_Cases!H13
A32: =API_Test_Cases!A14 | B32: =API_Test_Cases!B14 | C32: =API_Test_Cases!C14 | D32: =API_Test_Cases!D14 | E32: =API_Test_Cases!I14 | F32: =API_Test_Cases!H14

Sheet API_Test_Cases
A1: T24 API Test Cases
A2: Update the Actual Result and Status columns during execution. Use the Execution_Report sheet for summary pass/fail tracking.
A4: Test Case ID | B4: API Type | C4: Module | D4: Objective | E4: Precondition | F4: Steps | G4: Expected Result | H4: Actual Result | I4: Status
A5: T24-API-VAL-002 | B5: VALIDATION.RTN | C5: CUSTOMER | D5: Verify mandatory field validation | E5: Version configured with validation routine | F5: Open CUSTOMER version Leave CUSTOMER.NAME blank Validate / commit | G5: Validation error shown; record not committed
A6: T24-API-VAL-003 | B6: VALIDATION.RTN | C6: ACCOUNT | D6: Verify default value is applied based on rule | E6: Default logic configured in validation routine | F6: Open ACCOUNT version Enter customer with specific category Validate | G6: Field auto-populated correctly; no validation error
A7: T24-API-INP-001 | B7: INPUT.ROUTINE | C7: ACCOUNT | D7: Verify record is blocked before NAU | E7: Input routine configured | F7: Open ACCOUNT version Enter invalid combination of fields Commit | G7: Error triggered; record NOT saved to NAU
A8: T24-API-INP-002 | B8: INPUT.ROUTINE | C8: CUSTOMER | D8: Verify local file update triggered | E8: Routine updates local table | F8: Create new customer Commit record | G8: Record saved in NAU; local file updated correctly
A9: T24-API-AUTH-001 | B9: AUTH.ROUTINE | C9: ACCOUNT | D9: Verify post-authorization updates | E9: Auth routine configured | F9: Create account Commit Authorize | G9: Record moves NAU → LIVE; related tables updated
A10: T24-API-AUTH-002 | B10: AUTH.ROUTINE | C10: FUNDS TRANSFER | D10: Ensure no validation occurs during authorization | E10: Validation already passed | F10: Create FT transaction Commit Authorize | G10: No validation error; transaction authorized successfully
A11: T24-API-EB-001 | B11: EB.API | C11: SYSTEM | D11: Verify program is invoked via EB.API | E11: Subroutine registered in EB.API | F11: Execute related application Trigger program | G11: Correct subroutine executed; expected output generated
A12: T24-API-BATCH-001 | B12: BATCH.CONTROL | C12: SYSTEM | D12: Verify batch job execution | E12: Batch job configured | F12: Run batch process Monitor execution | G12: Job executed successfully; output/report generated
A13: T24-API-BATCH-002 | B13: BATCH.CONTROL | C13: SYSTEM | D13: Verify error handling in batch | E13: Faulty script configured | F13: Run batch process | G13: Error captured in logs/ETEXT; handled gracefully
A14: T24-API-VAL-004 | B14: VALIDATION.RTN | C14: FUNDS TRANSFER | D14: Verify cross-field validation | E14: Cross-validation rule exists | F14: Enter mismatched debit and credit currency Validate | G14: Validation error shown; transaction blocked
